customer_id,first_name,last_name,email,phone,address
1,Danielle,Johnson,john21@example.net,2043321819,600 Jeffery Parkways
2,Carolyn,Hoffman,lrobinson@example.com,7001338908,65423 Garcia Light
3,Colin,Abbott,lindsay78@example.org,4863794026,84959 Janet Cape Apt. 413
4,Michelle,James,xreid@example.org,6423511615,3419 Amanda Gardens Apt. 764
5,Veronica,Bowman,gabriellecameron@example.org,6940781618,56413 Lewis Parks
6,Randall,Rocha,ithomas@example.org,5959310341,969 Cox Dam Suite 101
7,Eric,Moore,ycarlson@example.com,4164752553,480 Erin Plain Suite 514
8,Ryan,Chavez,teresa28@example.org,5192832764,893 Nathaniel Estates Apt. 957
9,Andrew,Hickman,john39@example.org,9350305641,718 David Mountains
10,Stacey,Martin,ibrandt@example.net,4953767242,465 Lam Mission
11,David,Walker,andrew83@example.net,4884969653,10310 Jones Freeway
12,Joshua,Washington,jenniferkhan@example.net,3871012269,76311 Gomez Loop Suite 010
13,Richard,Morgan,wrightjames@example.com,2669784801,2473 Scott Wall
14,Melissa,Garcia,novaksara@example.org,9451462704,7736 Franklin Alley
15,Tricia,Baker,smitchell@example.net,9281489325,34309 Julie Centers Apt. 978
16,Samantha,Schmidt,yuchristopher@example.org,3880957015,136 Shelly Port
17,John,Wheeler,barnesbrandy@example.net,5303911718,3534 Anderson Rue Suite 751
18,Albert,Howell,jonesjason@example.com,3278248963,1354 Samuel Plains
19,Jade,Carr,contrerasangela@example.net,9346578713,41182 Campbell Fords
20,Jennifer,Harris,william40@example.org,4150983930,0052 Martin Mills Suite 801
21,Charles,Ware,amydavenport@example.net,2031051834,2045 Rachel Fords
22,Evelyn,Estrada,kimberly69@example.net,8382997376,22602 Patton Loop
23,Leah,Shields,josephcobb@example.org,4116566701,73375 Hoover Well Apt. 303
24,Raymond,Ramirez,rasmussenjoshua@example.net,1651333872,850 Natalie Green Apt. 940
25,Daniel,Hamilton,samuel81@example.com,7247317810,0608 Michael Cliff
26,Stacy,Mccall,elizabeth14@example.net,9013267736,656 Spencer Fields Suite 629
27,Ashley,Sullivan,torresjason@example.net,1260647468,7738 Leon Underpass Apt. 148
28,Elizabeth,Harvey,cardenaskaren@example.net,8234309805,32003 Carr Trafficway Apt. 769
29,James,Horton,jross@example.net,1097882081,63287 Angela Vista
30,David,Anderson,jcontreras@example.net,3191361939,9868 Merritt Summit Suite 743
31,Mary,Ramirez,rsims@example.com,1916998543,434 Flores Plains
32,Christopher,Hernandez,tbenson@example.org,6346247510,6587 Brown Village
33,Robert,Stein,gateskathy@example.com,8991183842,54668 Tracy Groves Suite 706
34,Matthew,Shelton,dramsey@example.org,6135427849,9901 Taylor Mountain
35,Hunter,Green,jason55@example.com,9084124118,4170 Zoe Keys Apt. 100
36,Stefanie,Gonzalez,howelljohn@example.com,3449353487,374 Jackson Rest
37,Tamara,Higgins,tamirodriguez@example.org,5016400524,663 Brittany Village Apt. 149
38,Linda,Hogan,reedross@example.com,3786801128,506 Garcia Lake
39,Cynthia,Poole,ryangross@example.net,1598262045,877 Petersen Ramp Suite 531
40,Joshua,Hayes,qhudson@example.com,1533158692,75273 Salinas Junctions Suite 948
41,Alejandro,Vaughan,allenrichard@example.net,4226025634,777 Christopher Forges
42,Richard,Sanchez,thomas85@example.com,3160733754,7444 David Fields Suite 182
43,James,Rodgers,jenny89@example.com,4303654145,43524 Jean Crossroad
44,Joshua,Mccann,heidi27@example.org,9685014294,477 Peterson Center
45,Johnny,Hensley,shortrichard@example.org,1196556981,29413 Angela Mall
46,Catherine,Gibbs,kimberlyjames@example.com,7934060883,649 Chelsea Streets Apt. 334
47,Donna,Moore,andreamoore@example.com,6615951484,974 Jesse Squares Suite 713
48,Sandra,French,ronaldstephens@example.net,7564823662,2102 Larson Views
49,Ashley,Roberts,harrisonkevin@example.com,5680443699,877 Carly Meadows Suite 940
50,Christopher,Hayden,keyemily@example.com,6777387214,78742 Walters Overpass
51,Tanya,Harrison,qcook@example.org,9951343320,6746 Shawn Island
52,Johnny,Wilson,ahancock@example.net,1379176936,0385 Garrett Trace Apt. 348
53,David,Roberts,omartinez@example.net,8632016328,248 Andrea Course
54,Jeffrey,Skinner,murraydavid@example.org,8083172788,484 Davenport Mountains Apt. 782
55,Patrick,Weeks,michellehill@example.com,6798687277,404 Monroe Prairie Suite 278
56,Todd,Cook,ugibson@example.org,5348734714,636 Louis Mountains
57,Janet,Shepherd,ymcneil@example.net,4455812236,0289 Kane Well
58,Megan,Garcia,jsmith@example.com,3316658760,74596 Melissa Walk
59,Emily,Ferguson,courtney78@example.org,4669096705,43161 Scott Square
60,Kevin,Johnson,laura45@example.com,5668893734,38692 Gregory Ridge Suite 937
61,Roberta,Thomas,dlittle@example.com,7706562729,4821 Landry Radial
62,Kevin,Hayden,stephen43@example.com,9069901627,36959 Haney Hill Apt. 640
63,Ashlee,Jennings,lozanojulie@example.com,3046537556,533 Byrd Stravenue
64,Katrina,Becker,courtneyberger@example.net,5641708053,7095 Christopher Hill
65,Mark,Perry,davidryan@example.com,2003309232,47451 Mccarty Divide Apt. 685
66,Christopher,Foster,amanda75@example.net,8193745299,651 Thomas River Suite 931
67,Cynthia,Marshall,debra12@example.org,2241904966,7113 Paul Land
68,Ellen,Paul,umatthews@example.org,4193149190,179 Crosby Harbors Apt. 537
69,Sean,Young,cory58@example.net,6865185067,64317 Elizabeth Row Apt. 053
70,Vanessa,Buchanan,caseyhubbard@example.org,2657262849,52904 Vanessa Plains
71,John,Thompson,andersonmichael@example.org,9776945314,24026 Julie Mountains Suite 589
72,Daniel,Gordon,acostaregina@example.net,8379965075,0076 Parks Overpass Suite 115
73,Charlene,Jones,claudia98@example.net,3735454948,9847 Garcia Squares Apt. 836
74,Shannon,Perez,maria66@example.net,1831367837,6545 Gloria Mountains
75,Carlos,Decker,reynoldsjulie@example.com,8701436349,098 Santiago Loop
76,Michael,Ortega,uparrish@example.org,6788568557,451 Eric Orchard Apt. 158
77,Michael,Farmer,lindsaybruce@example.net,5443135182,402 Park Inlet
78,Sandra,Bell,mollyknight@example.com,4374989413,01836 Chavez Estate
79,Mitchell,Griffith,wareeric@example.net,5352408240,147 Tucker Mills
80,Robert,Lewis,reeddaniel@example.net,1842710947,403 Joyce Centers Apt. 343
81,Katrina,Duran,mark07@example.net,8752047116,26838 Jones Wall Apt. 607
82,Samantha,Atkins,tberry@example.net,8190229413,1605 Laurie River Suite 516
83,Megan,Sanchez,zwarren@example.com,2869993867,52181 Rebecca Keys Suite 231
84,Dwayne,Gonzalez,kathleenrios@example.org,8496499091,9979 Lin Road Suite 271
85,Taylor,Welch,brittany58@example.org,4341232812,7005 Jones Way Apt. 998
86,Patrick,Carpenter,colelisa@example.net,1679740344,9782 Shannon Valleys
87,Rachel,Cooper,wagnergerald@example.org,8134936183,8892 Watson Haven Suite 659
88,Brian,Mccoy,cameron18@example.net,3421024994,4925 Brandi Divide Suite 462
89,Brooke,Hurley,angelica52@example.net,8174648877,685 Michael Falls
90,Stephanie,Peterson,ilee@example.org,2906594013,1888 Ebony Wells
91,Katie,Anderson,lmoore@example.net,1490278742,706 Rhodes Freeway
92,Tara,Bishop,pyoung@example.com,7717565512,59774 Shaw Manor Apt. 392
93,Monique,Williams,jsawyer@example.org,6674680715,1247 Mariah Course
94,Stacey,Walker,bwilkerson@example.com,5516808760,8536 Nicholas Burgs
95,Lucas,Garcia,lacey20@example.com,4859770348,277 Rebecca Brook Suite 328
96,Shelby,Lynch,srodriguez@example.org,3477109324,03697 Daniel Parks Apt. 893
97,Jennifer,Carter,mendezjohn@example.com,9086131712,185 Stephanie Plains
98,William,Mcneil,myerstheodore@example.net,8484677378,4051 Allen Shoals Apt. 952
99,Bradley,Payne,mariacohen@example.net,3639821465,221 Johnson Flats Apt. 305
100,Sarah,Robertson,wking@example.net,9404499727,5054 Lauren Mews
101,Pamela,Paul,lmorgan@example.com,9755886753,8416 Ryan View Apt. 845
102,Curtis,Murphy,kirk96@example.org,4963605766,7059 Hill Turnpike Apt. 165
103,William,Brady,stephaniethomas@example.net,3702895171,21355 Herring Bypass Apt. 755
104,Scott,Jones,alyssasanders@example.net,9702621745,10278 Mcintyre Crest Suite 473
105,Wendy,Mitchell,igonzalez@example.org,7158657809,71551 Vance Vista Apt. 258
106,Jeffrey,Galloway,joelsnyder@example.com,2343161172,8291 Kyle Stravenue Suite 866
107,Madeline,Jones,dawn77@example.net,5005045562,89226 Marie Path Apt. 422
108,Marcus,Fletcher,stacey84@example.org,4869222196,84249 Wayne Extension Apt. 299
109,Matthew,Bradshaw,bryananthony@example.org,4792374740,396 Tyler Road Suite 473
110,Linda,Cohen,shawn02@example.com,8482175946,7359 Larry Stravenue Suite 562
111,Kathleen,Robertson,floressteven@example.com,5743671369,21046 Wright Way Apt. 595
112,James,Moore,tjimenez@example.com,6944064090,68733 Williams Haven
113,Troy,Khan,amitchell@example.org,8439533942,45650 Williams Points Apt. 584
114,Charles,Gordon,marcia99@example.org,2047095214,65585 James Pass
115,Richard,Williams,taylormason@example.com,6623285884,98259 Martin Ridges Suite 958
116,Maria,Patel,thomas05@example.com,3474517123,9409 Baker Shoal
117,Krista,Parsons,jennifersilva@example.org,7851604817,30913 Scott Manor Apt. 636
118,Warren,Carr,vsalas@example.net,6496513709,283 Bolton Neck
119,Alicia,Edwards,stevepatel@example.net,9593174612,497 Susan Harbors Suite 344
120,Janet,Vaughn,wstewart@example.net,1047113826,1986 Cardenas Trail Apt. 404
121,Stephanie,Miller,vdouglas@example.com,8586926179,84842 Christina Radial
122,John,Williams,danawilliams@example.com,7405377351,712 Tamara Estate Suite 773
123,Katelyn,Mitchell,debbie19@example.org,6850643171,62067 Sharon Well
124,Sara,Mcdowell,evanscarrie@example.com,4900532931,8872 Nelson Valleys Apt. 527
125,Deborah,Higgins,doylekrystal@example.net,9393352904,96685 Richard Court
126,Jack,Taylor,shari04@example.com,3284210205,4549 Jose Lake
127,Heather,Brown,marshallerik@example.net,4950240268,145 Jeffrey Dale Suite 279
128,Nathaniel,Miles,ztodd@example.net,2177589178,91878 Miller Port
129,Daniel,Poole,ashleyhernandez@example.com,4908470076,39718 Stokes Motorway Apt. 867
130,Anne,Hansen,jennifer64@example.org,7177115921,106 Graves Plains
131,Virginia,Michael,andersenthomas@example.com,3499856984,26567 Bennett Springs Apt. 512
132,Victoria,Long,jessicawalker@example.org,8896118367,7868 Morrow Gateway
133,Steven,Moore,sharonhardy@example.org,4657661565,690 Jamie Courts
134,Brittney,Griffin,sanchezbradley@example.com,5527111161,302 Young Street
135,Barbara,Ray,joel28@example.org,6280988516,4089 Connie Meadow Suite 056
136,Kristi,Flores,trussell@example.com,6604945198,733 Mathews Divide
137,Linda,Melendez,jfaulkner@example.net,4273158514,3435 Sandra Vista
138,Nathan,Nichols,brettbennett@example.net,4689980940,39837 Molly Isle
139,Kevin,Stout,sharonhayden@example.org,3445502296,93638 Rowe Light Suite 854
140,Jose,Hunt,zowens@example.net,2201836675,3556 Anna Forges Apt. 048
141,Sarah,Riley,mphillips@example.com,3545991022,9378 Scott View
142,Tracy,Cummings,umurray@example.com,1147679764,87280 Mary Club
143,Sierra,Barnett,gutierrezmegan@example.org,4815614978,203 Brooks River
144,Dana,Peck,bhopkins@example.org,5036900343,08484 Wayne Square Suite 211
145,Alice,Allen,lisa46@example.org,3445107622,7933 Sutton Vista Apt. 016
146,Nicholas,Tran,walshjacqueline@example.org,7838851606,5918 Jerry Ways Suite 401
147,Gabrielle,Ramirez,whitemelissa@example.org,1715969664,261 Martin Garden
148,Ashley,Atkinson,patrick21@example.net,2605297516,16315 Novak Islands Apt. 477
149,Jeremy,Tran,rreynolds@example.net,2369681645,94311 Moore Station Apt. 655
150,Daniel,Smith,sean41@example.org,4521818835,67888 Garcia Corners
151,Michael,Davis,michelle04@example.com,6231243292,83982 Jackson Grove Suite 472
152,Bryan,Hamilton,yevans@example.org,2277997995,3799 Stephen Dale Suite 065
153,Meagan,James,scott69@example.org,6271774490,9375 Tamara Island Suite 793
154,Mark,Ramirez,kdiaz@example.org,6814770054,807 Samuel Highway
155,Marie,Jones,ichambers@example.net,2199867980,42661 Ewing Neck Suite 886
156,Amy,Gibbs,jacqueline89@example.net,8935978207,35290 Rasmussen Isle
157,Tammy,Jordan,garciajeffrey@example.net,2518203778,5679 Michael Burg
158,Timothy,Phillips,wilsonshelia@example.org,9925546659,5738 Bailey Court Suite 751
159,Kevin,Patrick,johnsonmatthew@example.org,1515186449,382 Mark Meadow
160,Susan,Hall,lsoto@example.net,3519254629,0937 Price Squares Apt. 341
161,Barbara,Lloyd,michaelgonzalez@example.org,2486528168,785 Carr Radial Apt. 557
162,Christina,Cervantes,samantha91@example.net,6054235733,1341 Nathaniel Divide
163,William,Barnes,baileyhenderson@example.com,3214188805,274 Jacob Ville
164,Shannon,Brown,stephanie72@example.org,3962229270,876 Perry Ville Suite 721
165,Ariana,Flynn,kellyhill@example.net,7537947383,79788 Ashley Grove Suite 807
166,Amy,Fritz,fitzgeralddesiree@example.org,5735977468,74517 Kimberly Freeway Apt. 959
167,Cynthia,Martin,kristenli@example.org,9623924075,498 Mario Squares Suite 494
168,Stephanie,Robertson,taylorkaren@example.com,9181412478,2232 Poole Trace
169,Megan,Long,barbaraadams@example.com,3613750606,1168 Neal Wells Suite 775
170,Brandi,Melton,simonstephen@example.net,9536153051,86363 Adams Village Suite 589
171,David,Phelps,patricia00@example.org,6220472779,12770 Harris Spurs Apt. 424
172,Clarence,Ward,watsonrebecca@example.org,1104328986,4361 Aaron Neck
173,Christian,Wheeler,ssmith@example.com,2434103697,2713 Davis Valley
174,Curtis,Edwards,derrick22@example.org,2179808932,275 Courtney Drive
175,Samantha,Jensen,fheath@example.org,5609539621,96565 John Rue
176,Christopher,Tran,kimberly04@example.org,9518888806,640 Troy Creek
177,John,Little,ricetiffany@example.com,8065405153,69658 Kathryn Trail Apt. 091
178,Alexander,Lewis,fryraymond@example.com,2952058527,6188 Joshua Inlet Apt. 832
179,Amanda,Myers,collinssamuel@example.org,8221704303,16179 Kyle Streets
180,Diane,Thompson,zimmermanjacqueline@example.org,1548687403,8842 Martinez Tunnel Suite 105
181,Lindsay,Nelson,bakertheresa@example.net,5505415667,7850 Villarreal Expressway
182,Michael,Scott,shannonemily@example.org,7527758416,800 John Mountains
183,Michael,Mora,sarahmathews@example.net,2692845115,53654 Ashley Crest Apt. 238
184,Tina,Finley,wileymichelle@example.com,5479627570,87053 Elliott Hollow Apt. 759
185,Teresa,Cuevas,jessicapayne@example.org,6964016582,60385 Stephanie Alley
186,Katherine,Bennett,dalton83@example.com,1297021355,24103 Haynes Landing Suite 191
187,William,Walsh,kjones@example.org,7909275571,234 Rosales Unions Suite 557
188,Joseph,Jones,derekcarrillo@example.org,3856543102,27756 Amanda Trail
189,Jared,Parker,melissa12@example.net,8868144739,903 Hernandez Station Apt. 568
190,Brandon,Evans,anthonysullivan@example.com,5731217271,71210 Maria Forges
191,David,Colon,gina19@example.net,6518844225,01372 Rebecca Village Suite 107
192,Brent,Glass,zunderwood@example.com,9313237058,6253 Joshua Mission
193,Nicole,Johnson,deborahporter@example.net,6782911467,14626 Dawn Union Apt. 806
194,Kimberly,Howard,kcooper@example.net,9669125177,4205 Anthony Valleys Suite 078
195,Michael,Silva,terrigarcia@example.net,9528922680,8039 Kelly Villages
196,Victoria,Thompson,brittanydrake@example.net,2824225358,059 Anna Field Suite 842
197,Tracy,Davis,carolynsmith@example.com,5143842498,9325 Samantha Vista
198,Miranda,Brown,brendastark@example.org,2829922995,56915 Morris Estate Suite 752
199,Jasmine,Hoffman,jeffrey92@example.com,1010943969,422 Stacy Ports Suite 902
200,Carrie,Mccall,daniellegarcia@example.com,1784473647,1355 Daisy Corners
201,Lorraine,Santiago,sean43@example.org,2027677359,4100 Kim Manor
202,Tanya,Wilkerson,wmacias@example.net,3555625881,79327 Lauren Bypass Suite 054
203,Stephanie,Jones,pamelamartin@example.org,6371473210,9970 Dunlap Expressway
204,Catherine,Hamilton,garciajamie@example.org,5696325953,884 Evans Court Apt. 698
205,Mary,Hernandez,adam14@example.net,3787747016,10324 Thomas Crescent Suite 677
206,Patricia,Baker,ylopez@example.com,9733950047,0477 Perez Grove
207,Anne,Hernandez,millermaurice@example.net,8480162456,380 Cardenas Manor Suite 937
208,Kent,Foster,shawrachel@example.net,6060983584,72233 Brad Common
209,Vanessa,Graham,maryscott@example.net,2687849912,68685 Stone Well
210,Alexander,Graves,jrodriguez@example.org,2655852398,91485 Baker Shoal
211,Todd,Lynch,jacksonrichard@example.net,7800025787,65307 Prince Brooks Suite 444
212,Megan,Garrison,comptonjeremy@example.com,3982595269,4691 Scott View Suite 785
213,Lori,Robertson,cameronmckinney@example.com,5958887947,902 Nancy Flats
214,Mary,Wright,xwilliams@example.net,1551694097,5786 Erin Garden
215,Nathan,Wheeler,susanwells@example.net,5993097289,2414 Paul Estates Apt. 333
216,Joseph,Ortiz,hancocktammy@example.net,7230913075,2290 Johnny Valley
217,Sherry,Marquez,rodney65@example.com,7263689702,74896 Adrian Shore Suite 899
218,Justin,Cohen,rbrown@example.net,9385786527,4432 Rachel Valley Suite 520
219,Diana,Bright,rebecca66@example.net,9585497334,935 Gina Route
220,Kristen,Knox,william28@example.org,9434437575,72482 Pena Forges Suite 346
221,Kristin,Rivera,brenda71@example.com,9441986652,999 Thomas Fields
222,Vincent,Dillon,amoreno@example.org,5041574733,35697 Leslie Stravenue
223,Henry,Miller,crystal25@example.net,9484219933,74329 Tracy Track
224,Kimberly,Anderson,zschultz@example.com,1833016571,0083 Dodson Islands Apt. 003
225,Jeremy,Wiley,david68@example.net,3082677345,10447 Hamilton Spur Apt. 575
226,Karen,Martin,osmith@example.net,5019380262,09821 Dawson Turnpike
227,Benjamin,Mcdowell,kelsey90@example.net,1672400499,100 Robert Light
228,David,King,jamiejennings@example.org,2547887287,1849 Robert Cove Apt. 411
229,Tyler,Lynch,marie35@example.net,5315274205,2087 Haley Orchard Suite 300
230,Emily,Meadows,fhernandez@example.net,5932966851,143 Hinton Hill
231,Joseph,Williams,morganphelps@example.com,7122753046,1100 Elizabeth Extension Suite 579
232,Joseph,Quinn,lisa21@example.com,4745499045,4676 Daniel Square Apt. 216
233,Rhonda,Webb,ywhite@example.com,4017426841,277 Paige Mill
234,Brandon,Green,alexander89@example.net,5593327279,588 Ryan Stream
235,John,Reed,jhernandez@example.net,6687833918,28772 Karen Islands
236,John,Cordova,hunterandrea@example.com,8851910883,17797 Melissa Mission Suite 170
237,Curtis,Gutierrez,petersenlatoya@example.net,9225871397,837 Cox Center Apt. 758
238,Katrina,Greene,jennifer11@example.net,2870728679,55488 Park Cape
239,Penny,Vasquez,nrodriguez@example.org,1874064039,63735 Katherine Cape
240,Sara,Monroe,bartonshannon@example.net,2065180170,0808 Roberson Orchard
241,Sandra,Norman,heatherthompson@example.org,5622656766,9958 Barnes Rest
242,Ruth,Farmer,raymond54@example.com,2825128682,69848 Joseph Plaza
243,Cynthia,Harris,glenda22@example.net,4004786863,158 Aguilar Shores Suite 846
244,Lindsey,Mills,jamesbrian@example.org,4752431069,2442 Hannah Hill
245,James,Weaver,lisa19@example.net,1331190790,863 Schwartz Causeway
246,Sara,Hughes,tammy00@example.net,4067383028,97359 Kimberly Fields Suite 721
247,Jacob,Thompson,bennettroy@example.net,5395995342,29405 Mckinney Drives Apt. 259
248,Brent,Randolph,tracy98@example.com,9364408926,583 Abigail Turnpike
249,William,Perry,odavis@example.org,9705685662,5439 Barajas View Apt. 157
250,John,May,susanfleming@example.com,5628733427,64840 Robertson Pass Suite 704
251,Rachel,Lee,vaughangary@example.net,1866882634,133 Houston Ford
252,Amanda,Park,elucas@example.net,4517518304,75011 Gregory Glen
253,Angela,Andrews,rhondarussell@example.com,7990139837,5061 Darlene River Apt. 901
254,Michael,Shaw,kristin49@example.org,4540331739,6607 Amanda Dale Suite 842
255,Kenneth,Eaton,susan08@example.net,4638546785,00996 Kevin Summit
256,Judith,Swanson,robertbrewer@example.net,5458771753,23943 Howard Union
257,Ashley,Brown,enewman@example.com,6560932048,1397 Howard Skyway
258,Diana,Garcia,mcculloughlouis@example.com,7423536937,492 Aguirre Meadow Apt. 053
259,Kristen,Joseph,xhill@example.org,9547772522,7754 Arnold Extensions Apt. 428
260,James,Gross,lunapatricia@example.net,9728080100,969 Rebecca Plaza
261,Jorge,Shannon,jvaldez@example.com,7231203875,94278 Randy Parkway Apt. 392
262,Katherine,Taylor,haroldfry@example.net,1997700886,750 Kathleen Fort
263,Bryan,Wood,barnettapril@example.com,1084840862,7005 Jane Pike Suite 498
264,Ashley,Bennett,pdiaz@example.org,2182339845,3865 Tucker Orchard Apt. 827
265,Gabriel,Jones,jason22@example.com,5615679334,365 Timothy Neck
266,Timothy,Garza,cjohnson@example.org,2016668700,80920 Jonathan Falls
267,Zachary,Sullivan,johnsjessica@example.com,3176591803,79772 Maria Rapid
268,Douglas,Aguilar,cindydixon@example.org,4974014890,9913 Cruz Coves Apt. 388
269,Gabrielle,Serrano,thompsonrachel@example.net,3503926142,811 Hopkins Rapids
270,Amber,Smith,xboyd@example.org,4968562185,76599 Ronald Glens Suite 314
271,Carmen,Stephens,jacob09@example.net,1163159996,063 Ortiz Coves
272,Eric,Pearson,jose86@example.net,6047735866,463 Arnold Point Suite 258
273,Angela,King,becky62@example.net,3961943114,372 Jason Locks
274,Kristi,Owen,martintamara@example.org,3626551104,79611 Walker Common
275,Chelsea,Ramsey,hmendez@example.com,8541212678,77038 Lee Tunnel
276,Carol,Black,christinacraig@example.com,9861015819,021 Chan Knoll
277,Elizabeth,Sullivan,aprilmclaughlin@example.org,6604661839,489 Bailey Via
278,Joshua,Obrien,shawnpowell@example.org,9262244472,68181 Morgan Crescent Suite 894
279,Heather,Church,wcarrillo@example.com,2264647154,790 Wilson Cliff Suite 335
280,Robert,Gomez,haynesjose@example.com,4799371240,5182 Edwards Forge
281,Patricia,Adams,victorgonzalez@example.net,7596575692,3333 Moore Coves
282,David,Miller,waustin@example.net,5593752654,5957 Henry Track
283,Sabrina,Ramirez,karenanderson@example.net,8935646519,8085 Dalton Trail Apt. 718
284,Steve,Norris,craignicolas@example.org,4982807374,9428 Young Mountains Suite 527
285,Rodney,Barnes,michael64@example.com,2672434266,293 Jennifer Unions
286,Joe,Reynolds,zgonzalez@example.net,2797968868,0267 Wendy Vista
287,Crystal,Ferguson,kristen44@example.net,1589113529,1203 Woods Roads
288,Cole,Garner,michael88@example.com,1965610143,61593 Tiffany Haven Suite 587
289,Kim,Griffin,jamesjustin@example.net,9889937567,56996 Christian Junctions
290,Jeremy,Stewart,jennifer96@example.com,9250714611,9876 Ivan Brooks Apt. 341
291,Jason,Sanders,brownnatasha@example.net,3545738757,68114 Christopher Loaf
292,Kyle,Wright,scott22@example.net,2775140105,05577 Dunn Dale
293,Tara,Wolfe,brittanybryant@example.net,2238282586,845 Fernandez Valley Apt. 745
294,Robert,Moore,smithlisa@example.org,8362266093,7807 Evans Trafficway Suite 493
295,Laura,Kelley,robertcastro@example.com,8966033419,66341 Garrett Path
296,Kathy,Kent,justin84@example.com,2825537147,22417 Nelson Road
297,Travis,Flores,brandonnichols@example.org,9596969155,4270 Christopher Bridge
298,Tristan,Peterson,kristi75@example.com,8924991251,1204 Jones Mountains
299,Hunter,Huang,lisa01@example.net,4412528669,7303 Moss Court
300,Adriana,Hendrix,tprice@example.com,3966278282,088 Jon Route
301,Kent,Ward,boyerjeff@example.org,8422579050,650 Laura Prairie
302,David,Mccormick,novakbianca@example.net,8236887676,925 John Parks Apt. 950
303,Brian,Newman,martinezjesse@example.net,8721903404,3065 John Canyon Suite 784
304,Amy,Henry,amymorris@example.com,4842797881,821 Shannon Viaduct Suite 857
305,Aaron,Little,bgross@example.net,2485807836,351 Lee Springs Suite 829
306,Justin,Ortiz,daniel81@example.org,2340745171,03173 Anthony Row
307,Mary,Barrett,brandon39@example.net,4395962923,37170 Grant Mall
308,Lynn,Bauer,colonjoseph@example.org,4095849825,1381 Jessica Place
309,Paul,Lee,ashleymeza@example.net,5494812604,195 Park Meadow Apt. 228
310,Richard,Morgan,amandagreene@example.com,3232536729,556 Mckenzie Islands Apt. 983
311,Nicholas,Pierce,michael77@example.com,5667116845,049 Zachary Hollow
312,Adam,Joyce,melissasmith@example.net,8759017518,889 Clinton Mount Suite 224
313,Michael,Perkins,jonathanevans@example.net,7363745458,315 Thompson Views Apt. 940
314,Jessica,Johnston,deleonsandra@example.com,3975001701,6139 Cynthia Roads Suite 048
315,Blake,Fernandez,markwolfe@example.org,3770632424,679 Jeffrey Highway
316,Kristie,Hernandez,christopher90@example.net,2541520643,1686 Kathleen Orchard Apt. 769
317,James,Gilbert,johnadams@example.com,7110371293,911 Henderson Keys Apt. 559
318,Diana,Carrillo,vanessajensen@example.com,9700516271,0335 Katherine Walk
319,Christopher,Singh,stacymcintosh@example.com,4611155426,1477 Martin Streets
320,Amanda,Harris,ana92@example.net,3218909275,9804 Brian Flats
321,Kristina,Williamson,marshallsierra@example.org,4269731121,451 Kelly Run Suite 368
322,Tiffany,Garcia,todd98@example.org,7565234138,87800 Sandra Inlet
323,Matthew,Long,andrewsutton@example.com,5043898364,84046 Sherry Harbors Apt. 256
324,Diane,Miller,rmeyer@example.net,1376137918,3926 Browning Isle
325,Shane,Anderson,biancasutton@example.org,1552696582,8262 Lonnie Point
326,Amanda,Ball,lonniehobbs@example.net,8109104300,6647 Hernandez Field
327,Daniel,Lopez,catherine93@example.net,7848666188,05172 Joseph Landing
328,Jack,Hughes,mtaylor@example.org,3414183285,0463 Katherine Circles
329,Gregory,Blevins,fcamacho@example.net,7914630316,3660 Cortez Lock Apt. 817
330,Stephen,Rich,aprilfoster@example.net,2799042102,680 Kelly Locks
331,Nicole,Ayala,steven64@example.net,1275884252,827 Davis Parkway
332,Daniel,Osborne,phillipmorris@example.org,5105648149,9371 Nguyen Run
333,Rebecca,Hogan,davisjasmin@example.net,2778507925,86892 Pierce Cape Apt. 592
334,Fernando,Thomas,barneskyle@example.com,3419138000,212 Adam Track Suite 077
335,Melissa,Stephens,franklintrevor@example.org,4075622086,6719 John Plaza Suite 983
336,Brandon,Hernandez,benjamin09@example.net,4536541951,1016 Evan Haven Apt. 795
337,Sarah,Davis,marcus61@example.com,9023806174,7214 Rose Pine
338,Jason,Clark,rodriguezjessica@example.net,5518705349,9469 Green Ports
339,Wanda,Gomez,christinacrawford@example.net,5937597383,2934 Aaron Burg Suite 139
340,Yolanda,Gutierrez,michael30@example.net,3060385050,441 Evans Plaza
341,Mario,Smith,matthew99@example.org,7413836702,55770 Timothy Road
342,Steven,Grimes,steven60@example.net,5103865719,588 Jared Spur Suite 512
343,Juan,Johnson,ksims@example.net,2826199062,91450 Gutierrez Parks Apt. 574
344,Javier,Turner,brooksbenjamin@example.org,4445655743,8078 James Orchard
345,Jessica,Mills,douglas18@example.net,2329121277,07681 Larry Cape
346,Gloria,Wheeler,cookpamela@example.org,6618537474,94353 Justin Place Suite 714
347,Edward,Hill,mullenanita@example.org,2124903521,585 Thomas Squares
348,Linda,Andrews,charlesaustin@example.com,4568044206,20701 Brown Meadow Suite 299
349,Crystal,Vaughn,tjensen@example.com,8883171210,817 Christopher Unions
350,Samantha,Mcdonald,pcollins@example.net,1323651994,3329 Durham Lock Apt. 557
351,Tony,Jones,bellsteven@example.org,2013721510,9928 Richard Station Apt. 581
352,Laura,Patel,pgarza@example.net,8029667066,276 Matthew Via
353,Heather,Reynolds,vbradley@example.net,3532447209,19719 Nguyen Court
354,Lynn,Thompson,gjones@example.net,4476870146,7013 Paige Throughway Apt. 227
355,Amanda,Price,rgonzalez@example.com,3638380657,465 Brandi Ridge Suite 240
356,Mike,Dunn,smithann@example.com,9759856420,0369 Garrett Station
357,Patrick,James,elainewells@example.org,6930407859,6242 Alexander Rue Apt. 276
358,Theresa,Taylor,dawnperry@example.com,4213348039,278 Arnold Mission Suite 532
359,Roger,Smith,pbradford@example.net,7522395590,8950 Ashley Squares Suite 197
360,Suzanne,Miller,steven18@example.net,6992937842,71894 Rebecca Place
361,Kimberly,Harrison,vberry@example.com,8010393087,4209 Acosta Port Suite 079
362,Gary,Williams,lisa90@example.com,1593252500,28144 Christina Harbor Suite 019
363,Greg,Vargas,donnawood@example.org,3921851569,372 Matthew Corner Apt. 927
364,Karen,Gutierrez,cyoung@example.net,2545226752,95041 Gary Locks
365,Thomas,Alvarez,noahthornton@example.com,9953926442,86047 Gregory Pines Apt. 185
366,Stephanie,Reynolds,matthew41@example.com,3096902959,3938 Byrd Falls Suite 800
367,Marie,Smith,foxgina@example.com,4917251355,443 Andrew Course
368,Brian,Wheeler,stephanielittle@example.net,3157043315,92692 Heather Glen
369,Kenneth,Guerrero,fowlersandra@example.com,5100676267,542 Joshua Circle Suite 650
370,Jonathan,Hess,scottvasquez@example.org,7586179327,71286 Christina Coves Suite 410
371,Charles,Duncan,kimberly07@example.org,2040541152,64256 Zachary Trail
372,Tracy,Graham,fernandezaaron@example.net,7218159970,98554 Brown Rue Apt. 585
373,Christopher,Stevens,deborah28@example.org,7296201533,346 Crystal Knolls Suite 173
374,Donald,Lee,tracybrown@example.net,7884443106,8700 Brown Turnpike Apt. 613
375,Lindsay,Contreras,ibentley@example.org,9720506149,02707 John Run
376,David,Jackson,conwaylori@example.org,8310324171,291 Danny Ranch Apt. 136
377,Matthew,Huff,rnguyen@example.net,5677418625,3092 Brown Harbor
378,Donald,Perry,angela73@example.net,7527047743,19620 Miller Avenue
379,Harry,Davis,robert72@example.org,5902115869,487 Allen Extensions
380,Cheryl,Johnson,jennifersalazar@example.org,4806868793,6083 David Pines Apt. 958
381,William,Marshall,joshualee@example.org,8416089899,2200 Mitchell Mews Suite 597
382,Bradley,Yang,ericjohnson@example.net,3172233206,37995 Gonzalez Springs
383,Rachel,Hall,nguyencorey@example.net,2632945116,63179 Brown Mews Apt. 397
384,Gregory,Brooks,ocortez@example.com,9685487099,52090 Taylor Walk Suite 762
385,Kathleen,Robinson,cassandra92@example.net,9616229991,68739 Hood Harbors
386,Alexis,Patterson,johnhamilton@example.org,2914856467,060 Vickie Street
387,Kayla,Johnson,zmendoza@example.net,8024629960,7318 Heather Lodge
388,Stephanie,Anderson,john10@example.com,7530745054,79907 Ingram Well Suite 257
389,Jane,Smith,cruzhannah@example.net,5471324754,6498 Kristin Common
390,Christine,Rogers,robertsonrenee@example.com,7913736785,65790 Richardson Rue
391,Angelica,Jones,devonrogers@example.net,1821486289,793 Luke Grove
392,Wesley,Henderson,brownmichael@example.com,1233030705,8847 Marsh Square
393,Lisa,Everett,lopeznicole@example.org,4457861035,2411 Joshua Square
394,Earl,Hernandez,abigailburton@example.com,8972798552,827 Fisher Street Apt. 431
395,Andrew,Pham,robert55@example.com,5140602933,4924 Kristina Forks Suite 540
396,Eddie,Mitchell,christinemartin@example.net,4346800722,22231 Victoria Ports Apt. 745
397,Jack,Hart,wadetiffany@example.org,1349446657,8284 Samantha Lodge Suite 275
398,Eric,Cordova,deborah47@example.com,5374896910,751 Mccullough Dam
399,Erica,Wilson,moralesmary@example.com,9589944171,50939 Kimberly Trafficway Suite 301
400,Amanda,Griffin,daughertypreston@example.com,6454443283,980 Sanders Stravenue Suite 565
401,Alexander,Cooper,tiffany81@example.org,1965207446,674 Linda Manors Suite 299
402,Christopher,Clark,hmcneil@example.com,7609935387,610 Fowler Groves
403,Robert,Peters,jamescollier@example.com,6842824172,49478 Walker Turnpike Apt. 244
404,Stephanie,Flowers,qmartinez@example.com,5825135346,73014 Gamble Cliff Suite 979
405,Ryan,Scott,hmccann@example.com,6549471709,2902 Murray Square
406,Derek,Martin,michael50@example.com,2738168460,183 Kathy Rapid Apt. 855
407,Margaret,Cohen,joseph51@example.net,3235697252,02845 Jenkins Estates Apt. 328
408,Jeffrey,Lopez,butlersabrina@example.org,2752500743,75452 Preston Ranch
409,Alexandra,Cordova,jenniferjohnson@example.org,3927129666,23423 Tina Manors
410,Hannah,Bowers,smithtodd@example.com,7760083505,10890 Wilson Glen
411,Bradley,Turner,websterkimberly@example.net,9300335421,325 Christopher Vista
412,Julie,Ramirez,michael89@example.org,7894210447,90833 Jackson Throughway
413,Amanda,Beltran,glasssamantha@example.net,9985625753,9271 Mary Light Suite 383
414,Rick,Juarez,david18@example.org,3603323098,4801 Snyder Lights Suite 794
415,Gloria,Randall,angelaroberts@example.com,3150648909,75207 Randy Pike
416,Donna,Miller,ralphneal@example.org,1100167618,53539 Martinez Villages
417,Roger,Porter,katelyn65@example.com,5723046184,8427 David Overpass Suite 320
418,Cory,Brown,jimenezanthony@example.org,3618914117,524 Kathleen Shore Suite 734
419,Ebony,Henry,amy88@example.org,4934835642,1675 Ramos Camp
420,Antonio,Hawkins,nicole27@example.com,1873753001,6719 Keller Spur
421,Amber,Harrison,williammyers@example.com,2972181143,545 Anthony Cape Apt. 559
422,Anthony,Vance,oscar65@example.com,8447012045,0333 Watkins Spurs Apt. 415
423,Geoffrey,Ryan,murraymichelle@example.net,6611002255,0790 Gray Loaf Suite 917
424,Craig,Leonard,tyler52@example.net,8941552166,6371 Karl Causeway Suite 963
425,Claudia,Rubio,vargasjoshua@example.net,8467621202,3514 Reynolds Plains Suite 366
426,John,Robertson,nicoleburton@example.net,2697972965,737 Giles Place
427,Lisa,Farrell,umichael@example.net,1277167014,357 John Summit
428,Gina,Evans,ejenkins@example.net,6089935889,4424 Richard Crescent
429,Edward,Johnson,steven86@example.com,2637562890,24204 Hopkins Fall
430,Dawn,Williams,dcasey@example.org,1287721753,416 Powers Course Suite 231
431,Ashley,Mason,boydmaria@example.net,6408386631,1391 Murphy Prairie Suite 363
432,Drew,Thompson,scott49@example.org,8797177517,515 Wells Gateway Suite 257
433,Jennifer,Underwood,brewerrebecca@example.org,1166088019,348 Parker Squares
434,Michael,Burnett,nicholsjoel@example.com,5883755037,64413 Clark Estates Suite 560
435,Joshua,Miller,aruiz@example.com,6899757113,24815 Guzman Via Suite 700
436,Danielle,White,igibbs@example.org,1554885102,45911 John Station Apt. 965
437,Shannon,Russo,jorgemcdaniel@example.com,8261493316,16526 Duffy Ports Apt. 008
438,Deborah,Sims,mccannjames@example.net,4735160917,69694 Christopher Land
439,George,Bradley,higginsryan@example.com,8982708086,33344 Reyes Meadows Apt. 934
440,Jessica,Lopez,rickythomas@example.com,8829221699,97359 Miller Mountains Apt. 563
441,Jennifer,Erickson,charles80@example.org,6866934654,75990 Jon River Suite 465
442,David,Mcclain,carpenterjorge@example.net,8226984858,7215 Thomas Crescent Suite 027
443,Monica,Davenport,sara44@example.net,4339452288,562 Doyle Overpass Apt. 870
444,Jacob,Brown,barrygreen@example.net,6158799684,1707 Zhang Points Suite 771
445,Meghan,Camacho,baileyjames@example.com,7081062003,84993 Alicia Ports
446,Henry,Knapp,kaylarhodes@example.com,5244204380,1659 Mary Drives
447,Anthony,Stevens,rgibson@example.net,6719838638,0975 Jason Causeway
448,Laurie,Campbell,manningamy@example.net,5066658004,64236 Andrew Fords Apt. 664
449,Deborah,Best,davidhenry@example.com,4973598933,925 Marilyn Passage Apt. 776
450,Thomas,Hart,bdavis@example.com,5721228160,6108 Mcpherson Springs
451,Jeffrey,Parks,sarahrose@example.net,7484229405,7617 Hernandez Crossroad
452,Gabrielle,Evans,alexandraphillips@example.org,8202590947,81866 Steven Stravenue
453,Ashley,King,brenda80@example.org,9515832818,26016 Edwards Stream Suite 794
454,Matthew,Hull,jasonmiller@example.net,3688615335,168 Adam Crescent Apt. 277
455,Heather,Melton,nturner@example.com,6543987801,1220 Daniel Brook Apt. 037
456,Deborah,Santos,ywilkinson@example.net,6739930561,47276 Darren Drives
457,Joanne,Wallace,cruiz@example.net,7484085887,49605 Curtis Vista
458,Jennifer,Petty,mmclaughlin@example.net,8043581128,76789 Hall Circle Apt. 695
459,Angela,Adams,hsmall@example.com,9013361386,6024 Taylor Mill Apt. 839
460,Regina,Morgan,sanderson@example.net,2207501102,5729 Justin Summit Apt. 722
461,James,Obrien,leonsherry@example.com,5819346676,38005 Kelly Estate Apt. 801
462,Matthew,Wilson,davidwalker@example.com,7506180919,0842 Jasmine Mill Suite 119
463,Chelsea,Garrison,colonbobby@example.org,1158144914,135 Jessica Station
464,Scott,Hunter,mooremichael@example.org,8660728326,76037 Mitchell Extension
465,Christopher,Watson,qward@example.org,9424508821,632 Gutierrez Lodge
466,Rachael,Crane,sherry72@example.org,1099688143,55626 Phillip Camp
467,Donna,May,levinetina@example.net,6368222394,6845 Smith Harbors Apt. 673
468,Paige,Weber,zterry@example.net,4129087814,41085 Hardy Streets Apt. 884
469,Jason,Hunt,adrienne20@example.org,2413975523,46810 Green Parkways Suite 101
470,Shane,Armstrong,chaveztonya@example.net,2491357759,4492 Stone Gateway
471,Daniel,Black,mackenzieward@example.org,5929955620,661 Bryan Curve
472,Thomas,Griffin,erica69@example.net,6336452577,9767 Dennis Mall Apt. 282
473,Todd,Ellis,bensonstanley@example.org,8547812914,519 Rodriguez Land
474,Ashley,Williams,davidtorres@example.com,3834110809,7022 Williams Inlet Suite 327
475,Aaron,Kelley,harrellrobert@example.net,7930848872,756 Davenport Village Apt. 287
476,Kathleen,Contreras,michellenguyen@example.net,6639427881,3658 Susan Mills Suite 120
477,Ashley,Hogan,ann18@example.org,7580392827,890 Karen Parkway
478,Penny,Martinez,suzannehill@example.org,3299275037,971 Morales Cape
479,Travis,Peck,samuel60@example.net,4145303856,4111 Justin Falls Suite 124
480,Stephanie,Gregory,mendezmark@example.org,8700518449,6152 Orozco Green
481,Nicholas,Carey,williamsjohn@example.net,9926659184,8861 Brown Mountain
482,Angela,Jones,russelljesus@example.org,7386557790,913 Kevin Lodge Suite 183
483,Krista,Thomas,kimberlymedina@example.com,9272318432,07942 Brian Orchard Suite 946
484,Yvette,Kirby,brendadixon@example.org,3259136517,891 Davis Square
485,David,Taylor,natalie39@example.net,8739260302,547 Sanchez Islands Suite 379
486,Mark,Sloan,deborahsmith@example.com,3280920242,26876 Kristin Run
487,Denise,Ryan,wchambers@example.com,9699041379,2017 Mayer Mills Apt. 304
488,Erin,Fletcher,christopheraustin@example.com,8723692929,75047 Adrian View
489,Danielle,Rodriguez,ashley72@example.net,9425799136,999 Cameron Crossroad
490,Julie,Anderson,nicoledaniel@example.com,7210388629,089 Becker Motorway
491,Aaron,Simmons,nashmarcus@example.com,2279908811,87758 Nicole Fork Apt. 468
492,Shane,Smith,matthewbeard@example.org,8298068650,613 Frank Inlet
493,Bryan,Garrett,castillolindsey@example.net,9637659916,3173 Wall View Suite 831
494,Kimberly,Harvey,garrettbeth@example.org,3473149864,65120 Brown Ridge
495,Connie,Jones,hansenkenneth@example.com,4009818063,96399 Shawn Mountain Suite 991
496,Matthew,Pace,gibsonmark@example.org,6651269448,09193 Dana Glens
497,Michael,Olson,ilopez@example.org,7959463688,49685 Silva Plains
498,Kimberly,Hernandez,carrie45@example.org,8258874495,38806 Gonzalez Flats
499,Danielle,Harris,petersonelizabeth@example.net,7213721386,599 Jensen Manor Suite 217
500,Nancy,Lozano,arobinson@example.net,6890260127,379 John Street
501,Kayla,Briggs,lharris@example.org,7114351906,15081 Kelly Fields Suite 003
502,James,Thompson,jennifer58@example.org,7984902770,02410 Nicholas Turnpike
503,Nicole,Morgan,kevinallen@example.com,4843098839,961 Drew Curve
504,Laura,Lee,ubenson@example.net,3053021465,309 Melissa Hill Apt. 530
505,Crystal,Ramirez,melissaschmitt@example.com,7693801184,179 Gary Loaf
506,Karen,Newman,victor72@example.com,9955439376,777 Perkins Route Apt. 333
507,Shannon,Young,kevinoneal@example.net,1426818184,4812 Kenneth Path
508,Michael,Silva,vhunt@example.com,6184894769,6657 Nelson Burg Apt. 734
509,Deanna,Howard,phillipswarren@example.net,8357790714,3111 Johnson Flats
510,Matthew,Leonard,kevin43@example.net,2633565880,840 Campbell Key
511,Krista,Powell,wunderwood@example.net,5341651827,8263 Jennifer Fords
512,Thomas,Black,dsharp@example.com,6539423733,3663 Cole Point
513,Anthony,Taylor,kevinrojas@example.com,4433339521,3666 Nguyen Brooks Apt. 225
514,Ashley,Lloyd,nbaird@example.com,2179080759,637 Mark Mission
515,Danielle,Torres,damontran@example.org,6794728463,23164 Jesse Shoals Apt. 705
516,April,Jackson,hmyers@example.org,3086780856,1632 Kyle Viaduct Suite 299
517,Sheila,Matthews,ahill@example.org,3718750036,69385 Stevens Ports Apt. 147
518,Michael,Kirby,peter26@example.org,2559428434,676 Holly Court
519,Phillip,Bautista,nicolemoore@example.net,8955276365,137 Riddle Plaza Apt. 511
520,William,Chan,qhayes@example.org,6647292931,0176 Reese Walks
521,James,Johnson,danny25@example.net,5386632270,7118 Jennifer Mill Apt. 742
522,George,Smith,thompsondavid@example.net,3672885744,10427 Thompson Station Apt. 837
523,Heather,Copeland,myerskyle@example.org,9906120347,63353 Christopher Manor
524,Anthony,Smith,erinbrown@example.org,2754558845,206 Lisa Islands
525,Anna,Lopez,sarahfoster@example.com,1615939982,31552 Richard Island
526,Alexander,Lewis,cameronbriggs@example.net,5558771694,13649 Bird Cove Apt. 419
527,Mark,Mccoy,xgregory@example.net,8225699611,2571 Smith Prairie
528,Shane,Dixon,wesleybush@example.org,3535544964,91436 Christine Circle
529,Devin,Jimenez,edwardharris@example.org,8598762202,975 Joshua Row
530,Kristin,Williams,swong@example.org,4413261117,553 Amber Shores
531,Vanessa,Solis,cathyjames@example.com,9006811492,0171 Brett Divide
532,Shawna,Martinez,brittanyguerra@example.org,2643347228,167 Martin Flat
533,John,Thompson,kevinray@example.net,3005577848,7156 Jackson Mill
534,Roberto,Lynch,ywolf@example.com,8282997968,6149 Angela Extensions
535,Jonathan,Ford,jcampbell@example.net,9457831745,52732 Adam Wall Suite 766
536,Shelby,Waller,patrick49@example.org,7424008254,16923 Krueger Trail Suite 875
537,Heather,Curtis,pfitzgerald@example.com,8807740649,0249 Blackburn Drive
538,Jonathan,Guzman,alexanderwise@example.net,4085368663,9183 Martin Meadow Suite 488
539,Dominique,Reyes,jessica11@example.net,3663416389,43640 Lisa Alley Apt. 168
540,Robert,Roberts,xjackson@example.org,5484631224,72817 Jacob Circle
541,Karen,Lamb,jordanbarrera@example.com,2797497350,912 Kelly Lane Apt. 415
542,Anthony,Young,gchambers@example.org,3080214427,0901 Alexa Avenue
543,Nicholas,Meyer,sarah75@example.net,1312073564,5553 Ortega Lane Apt. 551
544,Aaron,Harrell,ihardy@example.org,8570512046,435 Montgomery Shoals
545,Molly,Robertson,aaronlittle@example.com,2872346013,505 Hall Oval
546,Ricardo,Salazar,baileysheila@example.com,7730371837,649 Jennifer Ways
547,Abigail,Armstrong,andersonlaura@example.com,7452088147,71783 Jason Terrace Apt. 160
548,Ethan,Hickman,omiranda@example.net,5350313650,712 Davis Square Suite 399
549,Calvin,Cooper,yvaldez@example.net,3491630097,34141 Christopher Streets Apt. 195
550,David,Edwards,aray@example.com,3513271950,836 Flores Lakes
551,Lauren,Peck,aprilguzman@example.org,1528127358,0875 Lisa Hill
552,Mary,Porter,shernandez@example.org,6730652407,548 Joshua Vista
553,Jasmine,Mendoza,troypadilla@example.com,8848739285,2330 Melissa Stream
554,Philip,Joyce,vickiekelley@example.com,6749821827,756 Jones Stream Suite 438
555,Phillip,Anderson,hornjenna@example.com,5485708620,277 Merritt Fords
556,Jeffery,Goodman,coxmelissa@example.org,6935186387,6201 Mccann Fall
557,Sierra,Wilson,brittney26@example.org,9294565118,36749 Denise Lane
558,Kimberly,Esparza,stricklandmichelle@example.net,2022031731,7501 Christopher Overpass Apt. 099
559,Vanessa,Mendoza,bauerherbert@example.com,1967899405,9215 Jennifer Wall Apt. 606
560,Angela,Herrera,lbrown@example.net,4910371705,12920 Mcbride Crossing
561,Benjamin,Andrews,christopherscott@example.org,9650948014,84582 Rowland Shoals
562,Aaron,Turner,donna72@example.net,2381138633,585 Hailey Shore Apt. 303
563,Donald,Chase,susanguzman@example.org,9392886195,2961 Green Run Apt. 671
564,Shirley,Rhodes,amandajones@example.net,8612286852,359 Robert Drives Suite 660
565,Tamara,Wright,david18@example.com,9975585566,1554 Misty Fork
566,Joshua,Garcia,nicholasgarcia@example.org,6939836845,497 Allison Squares
567,Ashley,Campbell,catherine02@example.com,8760049082,58896 Vargas Green Apt. 822
568,Douglas,Bradley,brian53@example.net,5043350488,727 Lindsey Parkway Suite 468
569,Shelly,Keith,kevinhodge@example.com,9992107522,1113 Frederick Centers Apt. 487
570,Lindsey,Smith,urhodes@example.org,5593344196,8816 Christina Village Apt. 685
571,John,Stevenson,lawsontami@example.net,4157279194,15285 Roberto Light
572,George,Booker,robin38@example.org,1961055661,7443 Joann Port Suite 348
573,Margaret,Johnson,fstafford@example.org,4906048058,97545 Adam Stravenue Apt. 650
574,Craig,Vasquez,ricerachel@example.com,3583206799,0243 Foster Hills
575,Michael,Mcclain,daniel77@example.org,9136462251,6053 Jake Canyon
576,Dennis,Fisher,rachel23@example.com,8908641686,67872 Potter Tunnel Suite 862
577,Daniel,Rodriguez,martinezmaurice@example.org,3278376938,56906 Roberts Oval
578,Christopher,Patterson,jessicalopez@example.com,9331465911,3637 Jacqueline Parkway
579,Cheryl,Lopez,jeromeanderson@example.org,7655355904,26093 Michelle Light Suite 843
580,Jeffrey,Simmons,hicksdawn@example.com,3597927033,5456 Luis Causeway
581,Hunter,Smith,jason74@example.net,6211039240,2475 Torres Court
582,Elizabeth,Vega,markfigueroa@example.com,6147705383,43961 David Summit Apt. 093
583,James,Griffin,jonesamy@example.com,4884879206,738 Bradley Fields Suite 848
584,Theresa,Jacobson,hsoto@example.com,9042043940,6880 Carol Square
585,Tammy,Roberts,bauerheather@example.net,8016451046,8812 Christensen Lights Suite 694
586,Jamie,Smith,brittanysmith@example.net,4681579812,844 Kenneth Grove Apt. 230
587,Amanda,Carter,sheriramirez@example.org,4878003845,33810 Chen Land Suite 184
588,Jennifer,Ortiz,mark00@example.com,8620555438,424 Amanda Ways
589,Kimberly,Deleon,sharphailey@example.net,5046084325,983 Walker Grove Apt. 962
590,Sean,Blair,erichardson@example.org,7216893639,72239 Harding Falls Suite 042
591,Nicole,Roth,chadjones@example.org,3649578232,618 Jessica Valley Apt. 916
592,Patrick,Rodriguez,hinesdeanna@example.org,9324826292,14290 Susan Coves
593,Amy,Meyers,harristimothy@example.net,6188125205,45723 Amy Grove Apt. 001
594,Amy,Garcia,othomas@example.org,7647423122,6254 Sandra Spur
595,Paul,Henson,vasquezvicki@example.org,1994999393,5195 Michael Corner
596,Paula,Munoz,royrogers@example.org,4051728975,49451 Hendricks Shore Suite 410
597,Michelle,Spence,lukemyers@example.net,3677223306,19642 Marcus Crossroad Apt. 655
598,Troy,Olson,oguzman@example.com,1463331279,366 Ryan Park
599,Amanda,Underwood,tmiller@example.com,8573660965,135 James Vista
600,Andre,Grant,samanthabrown@example.com,7999880817,47286 Jason Fork Apt. 212
601,Nicholas,Johnson,swatson@example.org,8038860868,9202 Thomas Gardens
602,Chris,Carroll,lhernandez@example.com,1347644726,847 Sharp Mills
603,Kimberly,Dominguez,daniel00@example.net,5908277181,206 Frazier Wells
604,Shawn,Dawson,samantha84@example.net,3982665702,2418 Spence Crossroad
605,Julia,Morales,robinsonisaiah@example.net,8937145211,775 Wilcox Expressway
606,Brian,Watson,glee@example.org,2751868926,9503 Martin Coves
607,Cameron,Harper,jacob30@example.org,9602592222,99097 Brandon Course Suite 054
608,Susan,Porter,karen52@example.net,1644742123,6818 Andrew Underpass
609,Patrick,Willis,robertsedward@example.com,1940777809,133 Kayla Estates
610,Victoria,Mason,seth25@example.com,8339776719,606 Jason Ridge Apt. 297
611,Connor,Smith,amy17@example.org,1384983022,2421 Ray Knoll Apt. 127
612,Jonathan,Kennedy,kathryn72@example.org,1502099451,54669 Scott Passage Suite 516
613,William,Baker,oliverdawn@example.net,1162249998,802 Kelly Estate
614,Ashley,Nash,paulford@example.org,3795014556,7871 Henry Coves Suite 636
615,Mark,Stewart,vlewis@example.com,2681472145,7082 Thomas Forest
616,Luke,Johnson,zbrown@example.com,9683390198,3030 Nelson Roads Apt. 121
617,Joshua,Miller,hsavage@example.org,2794695489,01654 James Manor Suite 782
618,Tammy,Kim,jmorrow@example.net,6299787729,99255 Edward Mount
619,Sarah,Porter,daniel64@example.net,4430107139,2791 Jeffery Field
620,Robert,Payne,carolynrobinson@example.org,7605583034,905 Smith Inlet
621,Wayne,Parrish,dbanks@example.com,5144885015,5868 Wilson Fall Suite 652
622,Angela,Martin,qjames@example.net,6699023557,491 Linda Cove Apt. 096
623,Dale,Brady,schultzwesley@example.org,8027278576,3378 Wilson Walks Suite 157
624,Robert,Hoover,xsmith@example.org,1849588039,4463 Rachel Mall Apt. 002
625,Krystal,Randall,matthew96@example.org,6512405682,96096 Sheila Loaf Apt. 658
626,Eric,Hall,williamwelch@example.com,7291450461,253 Christopher Mews Apt. 920
627,Christine,Stephens,armstronganthony@example.net,8357438421,5233 Lee Ville
628,John,Deleon,qtownsend@example.org,6031780782,20911 Ho Crossing Apt. 244
629,Patricia,Davis,nkirk@example.com,4578452182,0617 Jason Manor
630,Nicholas,Edwards,lstokes@example.com,4076810409,99015 Webb Ridges
631,Carol,Smith,sara39@example.org,2570184094,823 Wilson Forge
632,Anthony,Taylor,lunashelby@example.com,4533448571,3158 Owens Valleys Suite 686
633,Sandra,Wright,gloriaclay@example.com,5224109881,99423 Hamilton Mission Suite 945
634,Cindy,Lawson,wgonzalez@example.com,4858542493,2084 Carter Views
635,Natalie,Clements,raymond12@example.com,3149587020,53135 Thomas Island Apt. 050
636,Jennifer,Lewis,rachel81@example.com,8016016629,383 Ann Stravenue Apt. 966
637,Louis,Flores,brandonsnyder@example.org,8954538179,1172 Garza Freeway Apt. 409
638,Vanessa,Buck,david60@example.net,3171747733,0171 Cummings Harbor
639,Logan,Reed,hawkinslawrence@example.net,3945625577,4771 Pace Cove
640,Anthony,Williams,taylorvictoria@example.net,1171577245,21358 Sarah Ways Apt. 401
641,Brandon,Torres,mark96@example.com,3816158148,97125 Karen Vista
642,Tammy,Gutierrez,hbarnett@example.net,8696393827,774 Barton Orchard
643,Jeremiah,Baker,jennifer58@example.org,7153966958,117 Jason Skyway
644,Jason,Cardenas,tonypeterson@example.net,4219719975,7281 Jeffery Lakes Suite 798
645,James,Ross,ramirezfrank@example.com,9172461919,71130 Lopez Burgs
646,Thomas,Schmidt,joseph81@example.com,7570132902,26868 Brown Groves Suite 106
647,Jessica,Henderson,jaime29@example.com,3784699733,610 Susan Forges Apt. 009
648,Joseph,Jones,hillnicole@example.net,6494651909,6134 Harris Turnpike Apt. 549
649,Keith,Smith,wesleygraves@example.com,9624058008,325 Garrett Isle Suite 207
650,Ronnie,Smith,nicole20@example.net,6140369656,9073 Rodriguez Viaduct Apt. 943
651,Alicia,Jackson,kimberlygarcia@example.net,7668327238,7584 King Mount Apt. 545
652,Patricia,Hampton,rrodriguez@example.net,7562422010,63257 John Streets
653,Heather,Jordan,julielee@example.com,3762126796,8782 Lozano Keys
654,Pamela,Myers,rlandry@example.com,3786876532,98591 Pope Port
655,Tammy,Sparks,daniel07@example.net,7909738468,2849 Kevin Heights
656,Calvin,Phillips,swilliams@example.net,6009751971,74065 Brendan Dam
657,Michael,Campbell,stephaniereeves@example.org,3847818913,9143 Thomas Knoll
658,John,Gregory,ghenderson@example.com,8189490580,429 Shelton Islands Apt. 342
659,Robert,Gonzalez,christopher97@example.net,8787956544,6128 Benson Parkway
660,Sarah,Marquez,dgomez@example.com,3094940792,0806 Katelyn Ridges Suite 398
661,Nathan,Oliver,brian62@example.com,1490471281,8701 Joseph Run
662,Daniel,Wheeler,ariana50@example.org,5429444019,382 Taylor Spring
663,Danielle,Moore,jennifer07@example.net,3927524372,10291 John Cove
664,Thomas,Wall,hmyers@example.com,9051292766,2384 Villarreal Ridges Apt. 620
665,Jack,Cardenas,georgeharmon@example.net,4723950410,7441 Richardson Harbor
666,Peter,Wolfe,marshalllisa@example.org,3767478366,7196 Beverly Bypass
667,Deanna,Barry,wwilliams@example.org,8428604765,740 Michael Walks Apt. 586
668,William,Thompson,michaelball@example.com,9018569454,244 Jones Villages Suite 679
669,Donna,Johnston,david59@example.net,5149673938,961 Anthony Street Apt. 311
670,Victor,Shelton,kathleen31@example.org,6258001061,1094 Benjamin Summit Apt. 759
671,Crystal,Johnson,manuelhale@example.com,9175344300,983 Johnny Mill
672,Erika,Perez,ryanrice@example.org,2093911192,013 Lisa Avenue
673,Michael,Russell,petersonfaith@example.net,7921244717,39785 Montgomery Points Apt. 176
674,Colleen,Sawyer,martinezzachary@example.org,5654214066,3098 Johnson View
675,Shelia,Nielsen,peter51@example.org,6044271739,89389 Ross Centers Apt. 974
676,Denise,Johnson,vgreen@example.org,7271286391,85037 Linda Port
677,Rebecca,Warner,reedchad@example.com,8410119470,724 Dalton Parks
678,William,Santos,ywoods@example.org,8200642569,03896 Angela Center
679,Paul,Bennett,russellsimmons@example.org,1877661830,1955 Matthew Centers
680,John,Davis,perezjulie@example.net,7719855460,30102 White Cape
681,Lee,Morrison,whitneyanderson@example.com,2585174328,111 Mays Ford Suite 537
682,Jennifer,Pugh,misty38@example.com,1634615717,881 Michael Loop Suite 413
683,Rhonda,Skinner,kevintran@example.org,4203093761,203 Santos Motorway Apt. 070
684,Joseph,Chapman,margaret10@example.com,9478700505,0667 Jeffrey Light Apt. 680
685,Donna,Johnson,sharon95@example.com,1613878293,59660 Angela Stravenue
686,Sarah,Mitchell,ucoleman@example.net,2027079032,67320 Marsh Harbor Apt. 384
687,Matthew,Foster,michael49@example.org,1204179291,9542 Ford Mill
688,Alan,Johnson,timothy83@example.com,2179931365,149 Ashley Mill
689,Hector,Miranda,jordan72@example.org,7519825309,90310 Gabrielle Wall
690,Scott,Stewart,bruceklein@example.com,3511426258,58093 Rodriguez Parkways Suite 181
691,Joel,Nguyen,maria61@example.net,3739021962,2059 Rogers Lodge Suite 749
692,Anthony,Richardson,sarah90@example.org,1710021946,8895 Nicholas Prairie
693,Antonio,Barber,pfarmer@example.org,8232487632,98986 Melanie Pines
694,Lauren,Lawson,mstewart@example.net,1927914560,53537 Goodman Crescent Apt. 765
695,Christopher,Castro,melendezdenise@example.net,9331819588,6392 Kimberly Lodge
696,Emily,Wade,laura55@example.org,4734031277,6829 Chen Trail
697,James,White,hsmith@example.com,3200543645,712 Mary Burg Apt. 128
698,Michelle,Sellers,zgomez@example.net,8010822078,415 Vargas Ridges
699,Daniel,Bowen,rodgersmichael@example.com,2137995635,764 Graves Street Apt. 981
700,Edwin,Smith,emily76@example.com,4153136363,89413 Snyder Causeway Suite 456
701,Lucas,White,bobbylandry@example.net,2797062397,8499 Garcia Haven
702,Gabriel,Roberts,kgonzales@example.com,3652735435,134 Cody Plaza Apt. 090
703,Susan,Fernandez,adamwall@example.org,3090421776,49678 Mariah Hill Apt. 176
704,Trevor,Miller,victoriadennis@example.org,3534929298,31528 Hill Roads Apt. 506
705,Craig,Thornton,james80@example.net,4168739774,29633 Harrison Oval
706,Lisa,Gross,david18@example.net,1633569392,61789 Jennifer Camp
707,Robert,Baker,pwelch@example.net,1600780686,8243 Contreras Overpass Suite 958
708,Timothy,Davis,mccartypenny@example.com,8177318063,5361 Steven Island Apt. 562
709,Kim,Webb,rburke@example.org,3543107427,4836 Anna Islands
710,Jose,Stewart,blamb@example.com,1772625701,47350 West Forges Apt. 831
711,Stacie,Austin,david80@example.net,7580464989,1558 Diana Path
712,Jason,Nichols,maryfoster@example.net,4195085016,2556 Angela Gateway
713,Shelby,Johnson,fischeralisha@example.net,6790552818,0244 Jerry Trail Apt. 041
714,Lisa,Gray,vanderson@example.com,4253817933,18600 Cody Radial
715,Laura,Lee,kristen68@example.net,6548640155,4731 Costa Ports
716,Thomas,Carter,walkerrichard@example.com,8788178847,8836 Victoria Stream Suite 581
717,Shaun,Lane,sandersjesse@example.com,6137116241,145 Lisa Corner Apt. 823
718,Michelle,Burns,christopherpowell@example.com,2241272380,74645 Benjamin Spurs
719,Annette,Russell,adamsjason@example.net,5682756704,753 Murray Orchard Apt. 161
720,Nicholas,Sherman,aprilmartinez@example.org,4103856955,06728 Taylor Well Suite 604
721,David,Forbes,alexandra95@example.net,8988774924,48395 Kennedy Fords
722,Sharon,Ho,frankespinoza@example.com,3437540254,6227 Victoria Avenue
723,Larry,Lopez,medinamark@example.org,8292842222,215 Michael Bridge Apt. 446
724,Breanna,Torres,jvilla@example.net,4105927452,92134 Jose Cove
725,David,Boyd,xrivera@example.net,4805525782,973 Aaron Fort Apt. 192
726,Douglas,Alvarez,morrispaula@example.org,9410672752,767 Turner Trace
727,David,Castro,tschroeder@example.com,1885474929,8581 Stephanie Roads Suite 268
728,Scott,Neal,gina86@example.net,8517028140,05756 Christina Wells Apt. 652
729,Sarah,Cowan,scottfox@example.org,7937515093,1548 Catherine Bypass Suite 760
730,Wendy,Padilla,colleen90@example.net,9343018718,772 Brady Rue Apt. 050
731,Chloe,Reeves,monicaanderson@example.com,7375998056,70518 Lucero Fields
732,Diana,Mclaughlin,mary52@example.net,3656504554,066 Calvin Views Apt. 412
733,Scott,Hill,haleyortiz@example.net,8813767426,4851 Owens Villages
734,Heather,Knight,fdavis@example.org,7299123478,59020 Dana Mount
735,Christopher,Ramsey,kylebecker@example.org,6196106462,0642 Taylor Island
736,Robert,Conley,nicole24@example.com,9792326487,1759 Bailey Row Suite 209
737,Paul,Medina,victoriahamilton@example.net,1494787300,58841 Jonathan Mountain Suite 018
738,Dominique,Lopez,tannermorris@example.net,3447146273,905 Crystal Ways Apt. 267
739,Matthew,Wong,lopezmichael@example.org,1147195979,207 Watkins Square Suite 673
740,Johnny,Brooks,timothy64@example.org,7471589042,166 Finley Locks
741,Brittany,Martin,sandratanner@example.net,1257252045,225 Tara Inlet
742,Laura,Thomas,stephen27@example.org,7504481832,24412 Michaela Mews
743,Christopher,Sanchez,adam25@example.org,2928554451,637 Guerra Squares Apt. 162
744,Lucas,Mcconnell,smejia@example.net,9952028457,681 Freeman Streets Apt. 392
745,Katrina,Wood,walter09@example.net,7521328338,32730 Kevin Course Suite 626
746,Edward,Collins,ajohnson@example.org,9881671120,8171 Parks Courts
747,Diana,Sullivan,martindavid@example.net,8545279852,707 Henderson Center Suite 641
748,Cassandra,Lang,xshaw@example.com,5013223423,512 Schmidt Lights Apt. 205
749,Stacy,Zimmerman,james97@example.com,3161107603,4017 Richardson Rapid
750,Gina,King,emily08@example.com,2089071401,5607 Evans Camp
751,Caitlin,Howard,schmidtrandy@example.org,5011939325,122 Jordan Harbor
752,Michael,Ellis,samanthaberger@example.net,1124955289,15502 Patrick Stream Apt. 546
753,Richard,White,jennifer16@example.org,4891190833,449 Heather Causeway
754,Nicholas,Kennedy,shill@example.org,5280138759,096 Erika Groves Apt. 630
755,Kimberly,Sandoval,joseph95@example.org,3712566383,05319 Chandler Rest
756,Margaret,Matthews,amber78@example.org,7151718275,5572 Dickerson Parks Apt. 826
757,Jonathan,Johnson,welchanna@example.com,5801571647,85445 Craig Burgs
758,Eric,Richards,annette60@example.com,5738646317,68269 Collin Forge Apt. 194
759,Gregory,Moore,wpierce@example.org,6207167811,455 Elizabeth Spur Suite 888
760,Philip,Trevino,ssherman@example.com,3669121535,64085 Douglas Springs
761,Rebecca,Reyes,amccann@example.org,4961367499,329 Carol Street
762,Riley,Johnson,garrettgarrett@example.net,5657967842,0968 Melissa Estates
763,Stephen,Sharp,gregorygiles@example.org,8114773201,41039 Stevens Spur Suite 327
764,Vincent,Rodriguez,monica23@example.com,1170269524,06876 Krista Green
765,Nicole,Medina,gonzalesmaria@example.org,2187734778,0568 Patterson Crossing Apt. 249
766,Karen,Rodriguez,michaeldouglas@example.org,5858800616,3415 Stephen Station
767,Travis,Sanchez,matthew75@example.com,8567700284,490 Earl Heights Apt. 359
768,Michael,Carter,ashleytorres@example.net,3762467197,422 Catherine Walks Suite 430
769,Melissa,Aguilar,breannagreen@example.net,9897782806,9252 Mills Lane Suite 287
770,Gregory,Prince,barnettcalvin@example.org,5796954500,32491 Michael Mount Apt. 833
771,Michael,Johnson,cranewilliam@example.com,1255905616,79833 Robles Falls
772,Hannah,Curtis,jeremylove@example.org,6565033349,484 Julia Street
773,Mariah,Brown,alexandrabrown@example.org,2141520850,977 Amanda Tunnel
774,Brent,Tyler,gonzalezdarren@example.org,8698640790,18939 Evans Branch Suite 173
775,Brianna,Reid,qgay@example.com,6696591713,2587 Bean Hills Suite 835
776,Joshua,Hoffman,connie12@example.com,6785294563,8772 Cameron Meadows
777,Emily,Davis,rpeterson@example.net,8183440496,13348 Flores Pines
778,Thomas,Cohen,ashleymoore@example.org,4919195419,2292 Frye Mountains
779,Desiree,Kramer,jeremy47@example.com,9763514846,45557 Coleman Lock Suite 060
780,Tanya,Gomez,theresawang@example.org,9536649878,44505 Gibbs Islands
781,Angela,Stevenson,christinaalexander@example.com,3082973748,32579 Crane Cape
782,Kimberly,Price,mwright@example.net,7908357232,10548 Kim Haven Apt. 721
783,Mark,Rowe,jholloway@example.net,5665136442,381 Sanchez Ports Suite 884
784,Hannah,Taylor,harrellholly@example.net,5936312303,7325 Perez Lake Suite 344
785,Cassandra,Cantu,davidjenkins@example.com,5778660324,80850 Forbes Parkways Suite 874
786,Bailey,Walters,cunninghamterri@example.org,3044820700,197 Karen Trafficway
787,Gabriella,Meyers,vhayes@example.org,2594165162,29578 Preston Locks Suite 096
788,Andrew,Perez,ohernandez@example.net,4198189847,739 Barry Stravenue Apt. 323
789,Kyle,Garcia,chanamber@example.org,2391559636,3334 Roger Groves Apt. 350
790,Derrick,Nolan,ymartinez@example.org,4212347649,360 Gonzales Flat Apt. 691
791,Christopher,Thompson,martinjason@example.com,1785158673,563 Tracie Union Suite 748
792,Daniel,Bryant,jamesrobert@example.org,5257540900,4164 Yvonne Corner Suite 704
793,Jessica,Merritt,taylorjohn@example.net,4486451837,82270 Caitlyn Fords
794,Michelle,Guerrero,christina26@example.org,7064413432,225 Kristin Burgs
795,Tyler,Torres,regina49@example.com,8560417765,50702 Williams Lane
796,Kathryn,Sharp,ericsmith@example.org,7124815698,1177 Chase Plain
797,Scott,Vincent,collinsterrance@example.com,6700272063,8591 Vasquez Village
798,Melissa,Gonzalez,zacharytrujillo@example.org,5591123829,116 Eaton Cove
799,John,King,mark79@example.net,7577242954,56529 Julie Union Suite 032
800,Alexis,Walters,fernandomorris@example.net,4165266930,5396 Haney Motorway Suite 871
801,Julie,Rios,matthew24@example.com,1893173420,715 Brown Lakes Suite 082
802,Cody,Hester,martinezjennifer@example.org,7969421529,7681 Raymond Pass Apt. 230
803,James,Garner,annaschmidt@example.org,2086771333,382 Moore Springs Apt. 932
804,Amber,Friedman,rgarrison@example.org,5476263934,6867 Morris Stravenue Suite 014
805,Jeanette,Barnett,sandraaustin@example.org,4626204439,2272 Peter Estate
806,Debbie,Myers,johnbell@example.org,8359710725,61923 Thomas Harbor Suite 018
807,Larry,Garcia,chall@example.com,7366941180,972 Nicole Throughway
808,Renee,Peterson,stefanie06@example.com,1537599004,769 Nancy Square
809,Michelle,Freeman,jeffrey11@example.net,9964652809,76601 Kirby Street Suite 485
810,Robert,Huff,christopher17@example.org,3428757215,96417 Obrien Ways Suite 091
811,Brittany,Leon,johnstondavid@example.org,9624150274,966 Michael Turnpike Suite 798
812,Benjamin,Ross,bcaldwell@example.org,6644948562,51460 Atkinson Glen
813,Michael,Vega,teresa34@example.com,6728703203,7423 Yang Terrace
814,Michael,Ochoa,vgates@example.com,3074276170,4116 Howell Route
815,Jacob,Reyes,melissa75@example.com,8587771215,2250 James Inlet Suite 882
816,Raymond,Dominguez,clarencedawson@example.net,2342284993,2585 Anderson Lights Apt. 499
817,Tara,Nguyen,scottwilliams@example.net,1892613715,407 Martha Forges
818,John,Perez,dustinphillips@example.org,1416591520,6889 Robert Vista Suite 964
819,Jasmine,Holden,ryan53@example.com,2777490509,25389 Colin Tunnel Suite 851
820,Lindsay,Munoz,jennifer83@example.com,8592304501,079 Crawford Mews Apt. 208
821,Shane,Santos,thomas21@example.net,9961642361,49409 Jordan Track Apt. 637
822,Kyle,Terry,mark98@example.com,1326642147,950 Jennifer Knolls
823,Briana,Hampton,austinalyssa@example.net,7492515837,339 Mary Burgs
824,Debra,Simpson,riveraclinton@example.com,8674996165,6725 Cody Knoll Apt. 647
825,Christopher,Green,jeremyduke@example.net,3661085732,7184 Natasha Circle
826,Tina,Brown,cody08@example.org,8881476174,6409 Villarreal Extensions
827,Jacob,Oliver,amandadaugherty@example.org,3243864908,592 Mccarthy Trail
828,Gregory,Hernandez,cjohnson@example.net,2081866179,4152 Rachel Parks
829,James,Moore,sharon86@example.com,5549180172,815 Michael Garden
830,Susan,Henry,dwilliams@example.com,3601645977,158 Sherman Row
831,James,Flores,sgallagher@example.net,5523219416,6617 Travis Islands Suite 964
832,Tyler,Hartman,kelli08@example.org,9006102776,49982 Stevenson Place
833,Anthony,Rasmussen,ilopez@example.org,8499564122,882 Maldonado Cape Apt. 172
834,Patricia,Joseph,kleintyler@example.net,1310303723,63140 Donna Village
835,Mark,Thompson,xserrano@example.com,7831472760,29394 Becker Station
836,Michelle,Sims,shelbyvaldez@example.com,2227770793,066 Ramirez Field Suite 490
837,Courtney,Foster,sanderson@example.org,4496050166,112 Jones Plain
838,Mark,Harding,stephanie64@example.net,8998407678,9411 Carson Flats Apt. 873
839,David,Cowan,hmendoza@example.org,8308069581,2113 Gilbert Mill
840,Joanna,Ramos,bateswilliam@example.org,5671795760,509 Stacy Junctions
841,Michele,King,michaelgonzalez@example.net,3437573839,6248 Jeffrey Road
842,James,Barrett,cjohnson@example.org,6972466572,848 Douglas Island
843,Brian,Cohen,bholmes@example.net,4417223297,550 Rachel Spur
844,Jesus,James,cervanteskayla@example.org,2674338005,098 Andrew View
845,Renee,Pineda,ncampbell@example.com,5522801561,379 Reed Roads Suite 727
846,Amanda,Ward,justinsimon@example.com,4183745508,50642 Steve Station Apt. 625
847,Jared,Sullivan,cmurray@example.com,5289107711,5556 Jennifer Ford Apt. 339
848,James,Russo,rachel86@example.com,2808121352,62718 Evans Village Suite 033
849,Matthew,Wu,bgiles@example.org,5787125521,36924 Danielle Ports Apt. 265
850,Taylor,Parrish,kathryntucker@example.net,4760375482,111 Alan Wall
851,Molly,Rivera,edwardsrachel@example.org,2456532863,41595 Alvarez Squares
852,Gregory,Turner,rachelhernandez@example.com,3666785072,962 Graves Harbors
853,Hannah,Mckee,beckdwayne@example.com,1811556260,26767 Katie Radial
854,Hailey,Meyers,lrichards@example.com,7029084668,9551 Jones Dale
855,Claire,Byrd,danieldonovan@example.net,5550489267,541 Morrison Union
856,Troy,Howell,xfrey@example.com,4899756341,480 Flores Expressway
857,Brett,Allen,jose65@example.org,1856288431,715 David Road Apt. 904
858,Oscar,Conway,sprice@example.net,9848520089,655 Russell Junctions Apt. 548
859,James,Campbell,gentrysamantha@example.org,5346810548,102 John Fall Suite 129
860,Laurie,Maxwell,smithalexander@example.com,6101749075,97519 Brian Dam
861,James,Reese,lopezjennifer@example.org,4998935449,3301 Flores Pines
862,James,Roth,ljacobs@example.com,3683158935,907 William Common Apt. 342
863,Natalie,Johnston,hollywarner@example.org,8126611062,53269 Guzman Parkways
864,Danielle,Robinson,madison38@example.org,8371586988,2101 Cooper Street Apt. 961
865,Emily,Roach,vsmith@example.net,7497677622,9591 Acosta Island
866,Shannon,Harmon,twood@example.com,9277288137,339 Brad Knoll Suite 775
867,Sandra,Mathis,dford@example.com,8028519611,66025 Fritz Roads
868,Edward,Diaz,qmoody@example.org,6940821545,231 Peter Drive
869,Joseph,Gonzalez,tmyers@example.net,5470229604,37976 Valentine Estate Suite 051
870,Carl,Morris,jfranklin@example.org,5327018510,67042 Mccoy Spur Suite 919
871,David,Campbell,lindsay25@example.net,7794975679,07563 Shirley Spurs Apt. 574
872,Angela,Ray,holly25@example.net,3287772519,993 Tracy Mountains
873,Pamela,Edwards,cruzeddie@example.com,7636580741,779 Jones Loaf
874,Kimberly,Moody,jennifer50@example.com,3094818139,05597 Kristen Island
875,Todd,Edwards,madisonbrewer@example.net,9909837801,0388 Wright Lane
876,Rodney,Cardenas,evansjames@example.com,9204339718,61572 Garrett Point
877,Eric,Wallace,daniel47@example.com,6690705626,974 Brenda Islands
878,Stephanie,Martinez,angela52@example.com,1856411182,065 Thompson Ridge Apt. 459
879,Katherine,Williams,sharpjennifer@example.com,5224124620,22182 Christopher Lake
880,Teresa,Morgan,ecooper@example.com,6200461526,086 Neal Plaza Apt. 372
881,Darius,Pruitt,jeremy08@example.org,6461033993,370 Jeffery Fort
882,Stephanie,Best,vincentmorris@example.net,8886140578,84706 Billy Radial Apt. 339
883,Travis,Bailey,perkinsmicheal@example.org,7170630489,28094 Hawkins Pass Suite 239
884,Jonathan,Gonzalez,philip47@example.org,2382496718,863 Daniel Loaf Apt. 339
885,Jill,Evans,oliviameyers@example.com,4258238687,39438 Kyle Forge Apt. 537
886,Stacey,Price,stephen69@example.org,1079420074,8943 Christina Alley Apt. 900
887,Stacey,Conrad,sean92@example.org,5653984028,3365 Joshua Shoal
888,Andrew,Townsend,turnerjose@example.org,2416128463,072 Daniel Stream
889,Jimmy,Kane,joseph97@example.org,9554743553,16600 Reynolds Mountain
890,Robert,Dudley,douglassusan@example.com,8950209700,734 Emily Well Apt. 370
891,Wendy,Williams,shansen@example.com,3687681180,045 Carly Motorway
892,Lori,Stephens,donna58@example.net,8156956201,5629 Watson Key
893,Katrina,Hernandez,alowe@example.com,8537030453,94255 Hayes Plains Apt. 058
894,Samantha,Mcgrath,carolfernandez@example.net,2943375047,236 Madeline Creek
895,Veronica,Stephens,johnstonjonathan@example.net,4036149872,357 Mark Villages
896,Laura,Kelley,zmills@example.org,9399921921,613 Moore Square Apt. 081
897,Tyler,Moon,john64@example.org,3493843089,00041 Jacob Trail
898,Erin,Jones,btapia@example.com,5870605664,94565 Kevin River Suite 990
899,Erin,Rowland,bflores@example.com,2877580304,8169 Avery Spur Suite 060
900,Sydney,Blake,wellsamy@example.org,7875063519,176 Allen Mountains
901,Austin,Collins,arobinson@example.org,1361332541,290 Jones Falls
902,Steven,Terry,isolis@example.net,2076095431,9187 Rachel Hill
903,Melissa,Williams,ronald21@example.org,8350583199,3062 Williams Falls Apt. 597
904,Jeremy,Wallace,garciadonald@example.net,8179110065,7560 Reid Coves
905,Robert,Johnson,bgrant@example.org,2207049611,45768 Rebecca Wells
906,Devin,Johnson,hudsonelizabeth@example.com,1804661963,471 Brandi Crescent Apt. 332
907,Kevin,Francis,dsmith@example.net,1767699150,84980 Beard Dam
908,Luis,Sanchez,msolis@example.net,8859311091,7312 Tran Road Apt. 228
909,Dustin,Hodges,epalmer@example.net,4928456797,65346 Karen Canyon
910,Monica,Norman,leejessica@example.com,3320024968,9327 Lucas Throughway Apt. 398
911,Keith,Mejia,agreene@example.org,6498227495,205 Long Mountain
912,Debra,Hatfield,kevin89@example.com,5508920388,8769 Taylor Course Suite 588
913,Christina,Brown,sarah49@example.net,1653331537,5393 Compton Fields
914,Margaret,Holmes,mramirez@example.com,8959959465,243 Marquez Plaza
915,Manuel,Yates,davidsharp@example.com,3170730337,95275 Peter Stravenue
916,Joseph,Carroll,dustin91@example.com,4375636205,8601 Lisa Glens
917,Sarah,Gibson,william63@example.com,1150812473,7917 Hughes Crest
918,Donald,Martinez,williamschad@example.org,6003342342,16309 Alejandro Junction Suite 463
919,Jerry,Montgomery,sarah53@example.org,6832302410,953 Linda Views
920,Patrick,Weaver,bestchristopher@example.net,3615347355,1136 John Ridge Apt. 234
921,Daniel,Allen,ryan96@example.com,3896112233,11677 Jocelyn Lights
922,Melissa,Christensen,weaverjoseph@example.net,9655963099,8550 Romero Loaf Suite 935
923,Drew,Jones,zjackson@example.org,4842530428,5643 Roach Light
924,Caroline,Harrison,parksanna@example.net,8317912868,0695 James Overpass
925,Samuel,Griffin,qdavis@example.com,6787255877,5472 Jeffrey Prairie
926,Deanna,George,meghanwerner@example.com,8496903337,12198 John Pine
927,Sarah,Chavez,donald64@example.org,4634669254,4281 Monica River
928,Brett,Pena,keithharrison@example.com,9121478539,03911 Joseph Tunnel
929,Guy,Martinez,xtran@example.net,1789567766,82305 Katie Passage
930,Lisa,Mason,longgary@example.com,6754602734,39594 Sanchez Extensions
931,Jennifer,Reeves,daniellewebster@example.org,2514888143,04787 Pierce Stream Suite 878
932,Michael,Jacobs,hwalton@example.com,2115083535,720 Charles Land
933,Meagan,Wilson,treyes@example.com,5443928404,7303 Hampton Terrace
934,Dylan,Grimes,deborahturner@example.org,5566907826,37476 Marquez Landing
935,Nicole,Ford,pmoyer@example.org,4337389877,5057 Eaton Well
936,Ryan,George,lori87@example.org,6153663778,55348 Alex Courts Apt. 840
937,Angel,Robinson,andrew65@example.net,1529240755,9545 Laurie Prairie Apt. 776
938,Kathryn,Johnson,lutzeric@example.com,4666845909,742 Kathleen Flat Apt. 964
939,Preston,Williams,alexander23@example.com,1225999966,2689 Mooney Fords
940,Aaron,Jones,bakertimothy@example.org,4618637159,2711 Cain Junctions
941,Christina,Krause,qsosa@example.net,8412182097,582 Drake Tunnel Apt. 306
942,Timothy,Murphy,victor60@example.net,1231643348,1283 Nicole Gateway Suite 218
943,William,Gutierrez,vbarnes@example.com,2705802566,29715 Ryan Via
944,Ryan,Perry,cookmitchell@example.com,3128671632,7693 Jordan Freeway
945,Justin,Bishop,matthewharper@example.net,4467299493,11102 Vasquez Course Apt. 007
946,Gregory,Anderson,erika59@example.org,9743027169,45109 Vanessa Ridges
947,Aaron,Nielsen,pennyholloway@example.com,4859777901,9498 Marie Haven
948,Dillon,Ford,eric81@example.com,5754692632,406 Ortega Square
949,Thomas,Chavez,kelly66@example.org,7762916032,533 Hernandez Drives Apt. 109
950,Nancy,Hernandez,umartinez@example.org,5841376815,5937 Ortiz Row Suite 370
951,Michael,Myers,carl04@example.com,2185672438,7657 Lisa Summit
952,Tammy,Henderson,susan92@example.org,1701765636,6175 Bobby Dam
953,John,Munoz,rebecca26@example.org,1041257771,559 Rogers Cove
954,Timothy,Holloway,jasoncook@example.net,2837274220,689 Ryan Street Apt. 798
955,Kelly,Shea,vwilliams@example.org,2241862104,176 Sloan Rest Apt. 593
956,Shannon,Evans,montoyaelizabeth@example.net,3752308370,4083 Jeffrey View Suite 360
957,Russell,Benjamin,amanda86@example.org,9164709006,079 Amanda Plaza Suite 136
958,Ann,Murphy,alexisjordan@example.com,4353310600,0124 Diane Skyway
959,Jonathan,Martin,kharris@example.com,6313122068,4881 Tonya Well
960,David,Giles,camerontownsend@example.com,2558393866,75188 Dixon Orchard
961,Elizabeth,Ramirez,kellychristopher@example.org,2331552065,84091 Francis Junctions Apt. 883
962,Timothy,Middleton,anthony66@example.org,1637314950,23979 Theresa Summit Apt. 787
963,Paul,Day,racheljohnson@example.org,2364971892,505 Perry Villages
964,Adrian,Edwards,gmiller@example.net,5195625257,277 Wilson Valleys
965,Antonio,Conley,john86@example.com,2509976838,04246 Juan Vista
966,Robert,Jones,charles44@example.com,1309143639,45212 Michael Court
967,Theresa,Tate,pamela29@example.org,2025743263,04488 Lisa Plaza
968,Savannah,Berg,rebecca41@example.com,1397524508,6154 Derrick Court
969,Stacy,Chapman,vancebrad@example.com,7403553380,142 Christopher Extension Apt. 910
970,Thomas,Daniel,garybernard@example.net,4396852701,0849 Travis Freeway
971,Brian,Clark,hlee@example.com,8130232129,69694 Wright Walks Apt. 649
972,Tyler,Levine,vgarza@example.com,9338167423,291 David Canyon
973,Jerry,Wright,simongabriella@example.org,4629344973,1903 Maria Bridge
974,Robert,Peterson,uthomas@example.net,5715662776,5668 Ramos Flats
975,Michaela,Thomas,qgomez@example.net,9962706614,7460 Smith Mountain
976,Eric,Harrington,goodmanalice@example.org,9282467474,42442 Hammond Mountains Apt. 975
977,Kevin,Walker,haleyhill@example.com,7897152732,2737 Andre Freeway Suite 638
978,William,Villa,adamsnathan@example.com,4008576665,8460 Ashley Coves
979,John,Campbell,katherinebarnett@example.net,7749160169,780 Susan Islands
980,Kayla,Carrillo,abradley@example.com,3364587506,14644 Courtney Skyway
981,Meagan,Guzman,cody79@example.org,7337050249,0557 Amanda Park
982,Jeremy,Bernard,norrisdakota@example.org,8243992011,0376 Curtis Plaza
983,Scott,Taylor,jefferydavis@example.com,7691836264,614 Orozco Course
984,Matthew,Young,davisjohn@example.net,5886946119,74820 Montoya Forge
985,Laura,Clay,davisbrandi@example.net,6243640270,65578 Anthony Court Apt. 432
986,Lynn,Young,oconnorjames@example.org,2168646225,47073 Anthony Stream
987,Rhonda,Harris,mary62@example.net,3237281793,76025 Amanda Spur
988,Megan,Fisher,duranjason@example.org,3302346791,63248 Mercado Estate Apt. 762
989,Cheryl,Norton,leslie93@example.net,3141614150,64687 Nancy Crescent
990,Laura,Martinez,hallisabella@example.org,4771004090,9208 Amber Fort Apt. 308
991,Michele,Stephens,allenandrea@example.com,2380698477,4582 Bradley Overpass
992,Melissa,Harris,hollydavis@example.org,6965555356,68157 Erin Vista Suite 000
993,Kimberly,Rowe,royjennifer@example.org,7905510762,91137 Scott Plain Suite 090
994,Jennifer,Mcneil,nicholas18@example.net,1918435797,4218 Caroline Ports Suite 478
995,Renee,Jones,madisonroberts@example.net,9630505057,6708 Mcdonald Cape
996,Carol,Smith,nina65@example.net,4976915671,58482 Gray Crossing Apt. 624
997,William,Ewing,donna54@example.org,7493289802,080 Brown Fords Apt. 699
998,Angela,Montgomery,bartonkimberly@example.net,8148727178,10401 King Pines
999,David,Peters,greenjessica@example.net,4332116025,773 Nicholas Track
1000,Jacob,Holland,jadams@example.net,7434712871,69428 Russell Estate
